,example,changed,not-surprising,surprising,uuid
0,./data/images/6169788d-88fe-4635-b23a-1ab161b145a2.jpg,True,True,False,6169788d-88fe-4635-b23a-1ab161b145a2
1,./data/images/dcca338d-8ebb-44ee-b888-f015dfec0b13.jpg,True,False,True,dcca338d-8ebb-44ee-b888-f015dfec0b13
2,./data/images/b7eb1c1a-4bdc-4f06-bee4-7277a30c9999.jpg,True,True,False,b7eb1c1a-4bdc-4f06-bee4-7277a30c9999
3,./data/images/b1832087-fd20-4117-a792-4cc9c87802fd.jpg,True,False,True,b1832087-fd20-4117-a792-4cc9c87802fd
4,./data/images/e1a24894-79f7-4606-95be-7469dc803a46.jpg,True,True,False,e1a24894-79f7-4606-95be-7469dc803a46
5,./data/images/ee8890bd-7fa8-404a-a6b5-09c741d8d487.jpg,True,True,False,ee8890bd-7fa8-404a-a6b5-09c741d8d487
6,./data/images/9b4d5979-a374-4d74-9aa5-ee3dd395a60c.jpg,False,False,False,9b4d5979-a374-4d74-9aa5-ee3dd395a60c
7,./data/images/57c8ad68-bbda-443b-9008-4d4bad60e18a.jpg,False,False,False,57c8ad68-bbda-443b-9008-4d4bad60e18a
8,./data/images/5222848f-9212-4941-994b-94c29c05089f.jpg,False,False,False,5222848f-9212-4941-994b-94c29c05089f
9,./data/images/78e8b494-98d4-4bc1-87e3-30c8ed64e9f3.jpg,False,False,False,78e8b494-98d4-4bc1-87e3-30c8ed64e9f3
10,./data/images/1901f61a-3310-407f-b68f-18d0d26c8501.jpg,False,False,False,1901f61a-3310-407f-b68f-18d0d26c8501
11,./data/images/6e94af1f-bfc8-4007-b070-95e9e0faf97d.jpg,False,False,False,6e94af1f-bfc8-4007-b070-95e9e0faf97d
12,./data/images/566f9fa1-f87e-4995-9b69-df2a489ac75b.jpg,False,False,False,566f9fa1-f87e-4995-9b69-df2a489ac75b
13,./data/images/b50721e5-6c9b-468f-a679-3bcb9fa99778.jpg,False,False,False,b50721e5-6c9b-468f-a679-3bcb9fa99778
14,./data/images/105858cb-a6e7-4163-aad4-92fffd28ef0f.jpg,False,False,False,105858cb-a6e7-4163-aad4-92fffd28ef0f
15,./data/images/ccf090b1-6a1d-4a08-b7a0-8a6dc101a5e0.jpg,False,False,False,ccf090b1-6a1d-4a08-b7a0-8a6dc101a5e0
16,./data/images/ffcc0798-6a1b-4f44-8b1f-7b3a53dc0e4d.jpg,False,False,False,ffcc0798-6a1b-4f44-8b1f-7b3a53dc0e4d
17,./data/images/d92024bc-81b6-4b8f-a4d1-8824b9abc276.jpg,False,False,False,d92024bc-81b6-4b8f-a4d1-8824b9abc276
18,./data/images/fa8c8fd5-18bc-469f-a071-2162412dbca1.jpg,False,False,False,fa8c8fd5-18bc-469f-a071-2162412dbca1
19,./data/images/c44059a3-9651-4be1-b883-1df0439dc4d7.jpg,False,False,False,c44059a3-9651-4be1-b883-1df0439dc4d7
20,./data/images/6168737c-e7d1-41a8-b813-b4d1a6bdc554.jpg,False,False,False,6168737c-e7d1-41a8-b813-b4d1a6bdc554
21,./data/images/16d6d6db-be56-4044-a844-427014162067.jpg,False,False,False,16d6d6db-be56-4044-a844-427014162067
22,./data/images/03653c2d-27c0-4fba-880c-155c221d2d64.jpg,False,False,False,03653c2d-27c0-4fba-880c-155c221d2d64
23,./data/images/b5fbaa5f-9400-46e8-a4e7-d146e4519337.jpg,False,False,False,b5fbaa5f-9400-46e8-a4e7-d146e4519337
24,./data/images/6d6bf26e-8d6b-4c61-9adf-9f4ff62959ec.jpg,False,False,False,6d6bf26e-8d6b-4c61-9adf-9f4ff62959ec
25,./data/images/4cffcfd2-7292-4552-abe5-db3d2feb20a8.jpg,False,False,False,4cffcfd2-7292-4552-abe5-db3d2feb20a8
26,./data/images/c91146ea-350f-4d5a-9044-6728e5ad4c4f.jpg,False,False,False,c91146ea-350f-4d5a-9044-6728e5ad4c4f
27,./data/images/a15b3f35-7b7e-454e-8eef-10b03db597db.jpg,False,False,False,a15b3f35-7b7e-454e-8eef-10b03db597db
28,./data/images/c525c5a1-f9ab-4171-8729-320da550eabd.jpg,False,False,False,c525c5a1-f9ab-4171-8729-320da550eabd
29,./data/images/4748ad8e-3094-4cbb-b86f-1de49293eca7.jpg,False,False,False,4748ad8e-3094-4cbb-b86f-1de49293eca7
30,./data/images/3012df5e-1f31-4cb7-b16e-3d627aa770e8.jpg,False,False,False,3012df5e-1f31-4cb7-b16e-3d627aa770e8
31,./data/images/5d0388af-7ae5-4d62-88d1-787a60632f83.jpg,False,False,False,5d0388af-7ae5-4d62-88d1-787a60632f83
32,./data/images/f6c5bbb4-d7a8-4d01-948c-8620ef98379f.jpg,False,False,False,f6c5bbb4-d7a8-4d01-948c-8620ef98379f
33,./data/images/e3504ec5-8898-4206-b5f0-6a16a00cce91.jpg,False,False,False,e3504ec5-8898-4206-b5f0-6a16a00cce91
34,./data/images/20c18bc5-3207-45a6-8408-53867d1a1dfb.jpg,False,False,False,20c18bc5-3207-45a6-8408-53867d1a1dfb
35,./data/images/ba57536b-f903-4a5f-8460-ae4699601481.jpg,False,False,False,ba57536b-f903-4a5f-8460-ae4699601481
36,./data/images/495f71b3-ab3f-4276-a39d-11a28c3aa030.jpg,False,False,False,495f71b3-ab3f-4276-a39d-11a28c3aa030
37,./data/images/f281c190-3675-4bc0-919f-66009078116f.jpg,False,False,False,f281c190-3675-4bc0-919f-66009078116f
38,./data/images/edb65d33-ba70-4cc8-9c44-5d3343406f66.jpg,False,False,False,edb65d33-ba70-4cc8-9c44-5d3343406f66
39,./data/images/dc7c82f8-936d-4377-96c2-bacb9fd89eb7.jpg,False,False,False,dc7c82f8-936d-4377-96c2-bacb9fd89eb7
40,./data/images/c5bfb456-7f90-45c3-8a3b-fd0a3aa4d60c.jpg,False,False,False,c5bfb456-7f90-45c3-8a3b-fd0a3aa4d60c
41,./data/images/c8191a49-7f51-4e08-b4ef-274011efc700.jpg,False,False,False,c8191a49-7f51-4e08-b4ef-274011efc700
42,./data/images/35eec27a-5b53-4440-af92-d31ec7b05d6a.jpg,False,False,False,35eec27a-5b53-4440-af92-d31ec7b05d6a
43,./data/images/7fefe077-6f25-4468-8628-a9935332d64f.jpg,False,False,False,7fefe077-6f25-4468-8628-a9935332d64f
44,./data/images/6ee8f2c6-e505-4d2a-94a9-a3175ffae92c.jpg,False,False,False,6ee8f2c6-e505-4d2a-94a9-a3175ffae92c
45,./data/images/9a84b5ca-3346-4656-bbe4-ee4ac1cb341c.jpg,False,False,False,9a84b5ca-3346-4656-bbe4-ee4ac1cb341c
46,./data/images/621648d1-1b5f-4924-a062-83694b90a817.jpg,False,False,False,621648d1-1b5f-4924-a062-83694b90a817
47,./data/images/7834cb36-799c-42b4-852a-577510beb5b1.jpg,False,False,False,7834cb36-799c-42b4-852a-577510beb5b1
48,./data/images/301f96c1-3783-46a6-aa59-71f2634c3d37.jpg,False,False,False,301f96c1-3783-46a6-aa59-71f2634c3d37
49,./data/images/623fcb5e-435b-412e-87f3-2fe12e67b2a5.jpg,False,False,False,623fcb5e-435b-412e-87f3-2fe12e67b2a5
50,./data/images/752aae56-4f9e-4229-aef1-ea04abcb77a7.jpg,False,False,False,752aae56-4f9e-4229-aef1-ea04abcb77a7
51,./data/images/ffb69ee6-c83e-4b2c-a24f-425d1d5e5adb.jpg,False,False,False,ffb69ee6-c83e-4b2c-a24f-425d1d5e5adb
52,./data/images/14e25239-c0e5-4c3e-b65b-35017e456c20.jpg,False,False,False,14e25239-c0e5-4c3e-b65b-35017e456c20
53,./data/images/7db24bca-c144-4f9b-905f-170726e1b6fb.jpg,False,False,False,7db24bca-c144-4f9b-905f-170726e1b6fb
54,./data/images/248aab48-edaa-46ae-9b82-8dc9f14ae0a8.jpg,False,False,False,248aab48-edaa-46ae-9b82-8dc9f14ae0a8
55,./data/images/39ed883f-870d-4ec4-8094-1de39210bd68.jpg,False,False,False,39ed883f-870d-4ec4-8094-1de39210bd68
56,./data/images/b16dd6c6-4b26-43f5-b889-b60fe1fd7e7d.jpg,False,False,False,b16dd6c6-4b26-43f5-b889-b60fe1fd7e7d
57,./data/images/38096a0c-406b-492c-b64f-a6e555d3c6c5.jpg,False,False,False,38096a0c-406b-492c-b64f-a6e555d3c6c5
58,./data/images/7252539c-a0c3-4ab2-8732-4bd5c581eefc.jpg,False,False,False,7252539c-a0c3-4ab2-8732-4bd5c581eefc
59,./data/images/5f9c2f7b-e151-4262-8a60-9bc66a00759a.jpg,False,False,False,5f9c2f7b-e151-4262-8a60-9bc66a00759a
60,./data/images/b65c939e-2e77-4e92-9441-bfb89b450723.jpg,False,False,False,b65c939e-2e77-4e92-9441-bfb89b450723
61,./data/images/2c9058dc-c9de-4005-a46d-8cef278d2445.jpg,False,False,False,2c9058dc-c9de-4005-a46d-8cef278d2445
62,./data/images/b6701c40-6a13-4e47-a277-b2b4c28cb02b.jpg,False,False,False,b6701c40-6a13-4e47-a277-b2b4c28cb02b
63,./data/images/dafe4e6a-f8d8-4c00-a3fd-b66135cfbef5.jpg,False,False,False,dafe4e6a-f8d8-4c00-a3fd-b66135cfbef5
64,./data/images/4a5a079c-0ad5-4cea-b886-05e48483d738.jpg,False,False,False,4a5a079c-0ad5-4cea-b886-05e48483d738
65,./data/images/316342ba-66cb-4bfc-8a5c-6e73feb6c995.jpg,False,False,False,316342ba-66cb-4bfc-8a5c-6e73feb6c995
66,./data/images/2dc3ce67-3549-41f5-a4d1-6fc67baa8f68.jpg,False,False,False,2dc3ce67-3549-41f5-a4d1-6fc67baa8f68
67,./data/images/229def35-8c79-40dd-9ad9-5e0ca7b0e55f.jpg,False,False,False,229def35-8c79-40dd-9ad9-5e0ca7b0e55f
68,./data/images/748e9a76-6f9f-4d19-9b89-9e8cc0d19b32.jpg,False,False,False,748e9a76-6f9f-4d19-9b89-9e8cc0d19b32
69,./data/images/11bdad6e-eb05-40c1-8f0a-31efd4abf505.jpg,False,False,False,11bdad6e-eb05-40c1-8f0a-31efd4abf505
70,./data/images/42df079b-34ab-4415-8121-f0ba8b924d4d.jpg,False,False,False,42df079b-34ab-4415-8121-f0ba8b924d4d
71,./data/images/db2fbc70-9c7a-4617-93a3-deef8f355998.jpg,False,False,False,db2fbc70-9c7a-4617-93a3-deef8f355998
72,./data/images/cbfbb3d4-a636-4ffc-846a-79d417d306d1.jpg,False,False,False,cbfbb3d4-a636-4ffc-846a-79d417d306d1
73,./data/images/89530f43-64fc-44a4-84f8-b28f2b5fd1b5.jpg,False,False,False,89530f43-64fc-44a4-84f8-b28f2b5fd1b5
74,./data/images/ad4e1805-8277-4571-9747-d9f540ae1f90.jpg,False,False,False,ad4e1805-8277-4571-9747-d9f540ae1f90
75,./data/images/d1d4a871-0611-485e-9719-1aaba6af61d1.jpg,False,False,False,d1d4a871-0611-485e-9719-1aaba6af61d1
76,./data/images/f61dcdcc-6407-40fd-8d0c-a96e39890e93.jpg,False,False,False,f61dcdcc-6407-40fd-8d0c-a96e39890e93
77,./data/images/81f0427b-5216-4d72-84ce-5db86f02ae28.jpg,False,False,False,81f0427b-5216-4d72-84ce-5db86f02ae28
78,./data/images/26f76e51-57d5-4746-92be-a559245c2f0f.jpg,False,False,False,26f76e51-57d5-4746-92be-a559245c2f0f
79,./data/images/938a707b-670a-4ea0-8dbc-aa09e526b9db.jpg,False,False,False,938a707b-670a-4ea0-8dbc-aa09e526b9db
80,./data/images/1a780e46-ff21-40e5-83e3-6c9216898e78.jpg,False,False,False,1a780e46-ff21-40e5-83e3-6c9216898e78
81,./data/images/1284fb71-09bf-42b7-9f13-1acbc9393ab1.jpg,False,False,False,1284fb71-09bf-42b7-9f13-1acbc9393ab1
82,./data/images/78797ba2-78fe-4dc9-b149-c4cdb8180fcb.jpg,False,False,False,78797ba2-78fe-4dc9-b149-c4cdb8180fcb
83,./data/images/7be772f3-fd6f-4895-9307-dad0fe4bc982.jpg,False,False,False,7be772f3-fd6f-4895-9307-dad0fe4bc982
84,./data/images/00615ae5-b598-40c2-a7e8-f5a4caef7aa5.jpg,False,False,False,00615ae5-b598-40c2-a7e8-f5a4caef7aa5
85,./data/images/a4799e9c-0e5e-451e-8e29-17b7dd051ed5.jpg,False,False,False,a4799e9c-0e5e-451e-8e29-17b7dd051ed5
86,./data/images/bd2f6bae-f957-4a1c-92bc-20f649e40c79.jpg,False,False,False,bd2f6bae-f957-4a1c-92bc-20f649e40c79
87,./data/images/e53e687e-dc12-4150-b069-6139eba52393.jpg,False,False,False,e53e687e-dc12-4150-b069-6139eba52393
88,./data/images/4a982030-c6b6-463b-93d1-8c12bcdf9edf.jpg,False,False,False,4a982030-c6b6-463b-93d1-8c12bcdf9edf
89,./data/images/5100d817-1741-4451-8fcb-ea0fb71430b8.jpg,False,False,False,5100d817-1741-4451-8fcb-ea0fb71430b8
90,./data/images/73879052-f5b4-4973-a5d1-5a0ab30a44bc.jpg,False,False,False,73879052-f5b4-4973-a5d1-5a0ab30a44bc
91,./data/images/a26f90b9-6198-40b1-8d6c-1a02899fe46a.jpg,False,False,False,a26f90b9-6198-40b1-8d6c-1a02899fe46a
92,./data/images/ec30a88d-f7ea-443e-8270-dfea2f91887c.jpg,False,False,False,ec30a88d-f7ea-443e-8270-dfea2f91887c
93,./data/images/019fa66c-9695-43ab-b6e5-61780144f825.jpg,False,False,False,019fa66c-9695-43ab-b6e5-61780144f825
94,./data/images/824cc9fd-40fc-4754-9add-39b4c92b6ff4.jpg,False,False,False,824cc9fd-40fc-4754-9add-39b4c92b6ff4
95,./data/images/6e6e7fea-0358-4121-b476-0ea091cf49c7.jpg,False,False,False,6e6e7fea-0358-4121-b476-0ea091cf49c7
96,./data/images/d83c52a3-a37c-40f2-b6ae-185a1c0d75da.jpg,False,False,False,d83c52a3-a37c-40f2-b6ae-185a1c0d75da
97,./data/images/6a8b9df6-14b2-465b-b861-4d2f49ff3c1b.jpg,False,False,False,6a8b9df6-14b2-465b-b861-4d2f49ff3c1b
98,./data/images/3447e02f-c086-4abb-9dc9-75ef6e07d0ff.jpg,False,False,False,3447e02f-c086-4abb-9dc9-75ef6e07d0ff
99,./data/images/c085b4b8-90d7-4611-8bda-c6d5818ce381.jpg,False,False,False,c085b4b8-90d7-4611-8bda-c6d5818ce381
